source,destination,status,source_sha256,destination_sha256
Local-Mass-Framework/experiments/local_mass_experiments.py,experiments/local_mass_experiments.py,reproduction plumbing/output update,9fb8161a230969b6af310c94990b362a08227302dd58f26f33548e318daa1f53,9b7b119e479983a9171458a765d9ccc13d25503349a28f3a24a2d567f8036676
Local-Mass-Framework/results/data/figure2_metadata.json,results/data/figure2_metadata.json,unchanged,9916929a7fe0feb52bd03d5e6a502f3b02607da627e0451542cba20a48af074b,9916929a7fe0feb52bd03d5e6a502f3b02607da627e0451542cba20a48af074b
Local-Mass-Framework/results/data/figure2_runs_long.csv,results/data/figure2_runs_long.csv,unchanged,44031bd1959aa98798885d460404c2b68c2e14bfa03a20d037a4a252bcd179de,44031bd1959aa98798885d460404c2b68c2e14bfa03a20d037a4a252bcd179de
Local-Mass-Framework/results/data/figure2_slope_summary.csv,results/data/figure2_slope_summary.csv,unchanged,6be1f28866cd41b7b12762425f7d20c359f7e64e99bda88a59c0acf3ce55cb03,6be1f28866cd41b7b12762425f7d20c359f7e64e99bda88a59c0acf3ce55cb03
Local-Mass-Framework/results/figures/figure1_synthetic_small_ball.pdf,results/figures/figure1_synthetic_small_ball.pdf,unchanged,0c624bc013c8368fac7b44d623c860792d1d55d110c9886ee552a502906b3a4b,0c624bc013c8368fac7b44d623c860792d1d55d110c9886ee552a502906b3a4b
Local-Mass-Framework/results/figures/figure1_synthetic_small_ball.png,results/figures/figure1_synthetic_small_ball.png,unchanged,d214f1b1de0d0cf83de35b298efc3a51c3f008219bf357b0e92323a691375042,d214f1b1de0d0cf83de35b298efc3a51c3f008219bf357b0e92323a691375042
Local-Mass-Framework/results/figures/figure2_uci_bayes_aggregate.pdf,results/figures/figure2_uci_bayes_aggregate.pdf,unchanged,cdad3c41cf0e550864cca212996c711fc2c388f2f55f8468e18c11d1bf928c25,cdad3c41cf0e550864cca212996c711fc2c388f2f55f8468e18c11d1bf928c25
Local-Mass-Framework/results/figures/figure2_uci_bayes_aggregate.png,results/figures/figure2_uci_bayes_aggregate.png,unchanged,6eb860ed853a448e61808cac8fae4cd734fef4cfd1e97c2cf36ef59447c91943,6eb860ed853a448e61808cac8fae4cd734fef4cfd1e97c2cf36ef59447c91943
Local-Mass-Framework/results/figures/figure3_local_rekl_directionality.pdf,results/figures/figure3_local_rekl_directionality.pdf,unchanged,100c7729da01b216a37ba2b853f1c6b39c50dfcdb80509c18e2b770cf1c2b34a,100c7729da01b216a37ba2b853f1c6b39c50dfcdb80509c18e2b770cf1c2b34a
Local-Mass-Framework/results/figures/figure3_local_rekl_directionality.png,results/figures/figure3_local_rekl_directionality.png,unchanged,cfd83e3c7e73b5d8d83e0ead7b75b479a3b5a7132f26161fca4354cd19f70ce6,cfd83e3c7e73b5d8d83e0ead7b75b479a3b5a7132f26161fca4354cd19f70ce6
Local-Mass-Framework/requirements.txt,requirements.txt,unchanged,562f956e9ee541f5a0f4f45be28a3e5c3496ae1872b7de18a7343bedc2551dda,562f956e9ee541f5a0f4f45be28a3e5c3496ae1872b7de18a7343bedc2551dda
Local-Mass-Framework/README.md,docs/originals/exp01_03_README.md,unchanged,d03c6e8a00391fff3eb25127b23150c8171b60af2a1b79b6ef15981b6c2ed707,d03c6e8a00391fff3eb25127b23150c8171b60af2a1b79b6ef15981b6c2ed707
Local-Mass-Framework/.gitignore,docs/originals/exp01_03.gitignore.txt,unchanged,7acbe7abaf22b2219134acf9836d5ab90efce4ac2a372e42d0b114b21d2b14e5,7acbe7abaf22b2219134acf9836d5ab90efce4ac2a372e42d0b114b21d2b14e5
Experiments4and5/code/aggregate.py,experiments/neural_networks/aggregate.py,unchanged,be352fb09a55c16ea8589f706636a742f86d91427894293fdde5451544f04950,be352fb09a55c16ea8589f706636a742f86d91427894293fdde5451544f04950
Experiments4and5/code/budgets.py,experiments/neural_networks/budgets.py,unchanged,63d5dedeede4c4a68bc790b36b8f19b3e424a4c9933f6747a06a08435f2cd532,63d5dedeede4c4a68bc790b36b8f19b3e424a4c9933f6747a06a08435f2cd532
Experiments4and5/code/data.py,experiments/neural_networks/data.py,unchanged,1ab5fa94d44a36fb259bda16974cc689d04510bacae869eeca15f28e76753580,1ab5fa94d44a36fb259bda16974cc689d04510bacae869eeca15f28e76753580
Experiments4and5/code/distributions/__init__.py,experiments/neural_networks/distributions/__init__.py,unchanged,e3b0c44298fc1c149afbf4c8996fb92427ae41e4649b934ca495991b7852b855,e3b0c44298fc1c149afbf4c8996fb92427ae41e4649b934ca495991b7852b855
Experiments4and5/code/distributions/priors.py,experiments/neural_networks/distributions/priors.py,unchanged,99f4a160187ed5e28f7a99f5942afd2975eb70413adefac37df7d66feb8deaed,99f4a160187ed5e28f7a99f5942afd2975eb70413adefac37df7d66feb8deaed
Experiments4and5/code/distributions/tsallis.py,experiments/neural_networks/distributions/tsallis.py,unchanged,aacc3a9ceee771068973d4c1d845694e38522d68429a5034233cd30b3a472be1,aacc3a9ceee771068973d4c1d845694e38522d68429a5034233cd30b3a472be1
Experiments4and5/code/elbo.py,experiments/neural_networks/elbo.py,unchanged,6c4be8ce33837862346f96d4a6e0f586c96bba0873413d9904112534a8d144bb,6c4be8ce33837862346f96d4a6e0f586c96bba0873413d9904112534a8d144bb
Experiments4and5/code/engine.py,experiments/neural_networks/engine.py,unchanged,1bf9d0ff533e8cbbd05d09e8244cced391e6db9cdbc9dbc9b2125858155cbbda,1bf9d0ff533e8cbbd05d09e8244cced391e6db9cdbc9dbc9b2125858155cbbda
Experiments4and5/code/experiment_scripts/flopp/__init__.py,experiments/neural_networks/experiment_scripts/flopp/__init__.py,unchanged,e3b0c44298fc1c149afbf4c8996fb92427ae41e4649b934ca495991b7852b855,e3b0c44298fc1c149afbf4c8996fb92427ae41e4649b934ca495991b7852b855
Experiments4and5/code/experiment_scripts/flopp/cifar10_resnet56.pth,experiments/neural_networks/experiment_scripts/flopp/cifar10_resnet56.pth,unchanged,5efd5864114c3b9f5355671dcdf3e02bf2c208cfc2c1e73c5f9c7e51def9eaca,5efd5864114c3b9f5355671dcdf3e02bf2c208cfc2c1e73c5f9c7e51def9eaca
Experiments4and5/code/experiment_scripts/flopp/resnet56_flopp.py,experiments/neural_networks/experiment_scripts/flopp/resnet56_flopp.py,unchanged,58fa26be64bd45f67687649fcff35a2c15d4384b2509291dc9ae0c8896aa451e,58fa26be64bd45f67687649fcff35a2c15d4384b2509291dc9ae0c8896aa451e
Experiments4and5/code/experiment_scripts/imagenet_multiseed.py,experiments/neural_networks/experiment_scripts/imagenet_multiseed.py,reproduction plumbing/output update,7295ba07d6a034235b234dad46956b14a223953dcf337c283fc41571357d43f0,85264c66618c0b68826c7e3dbd78b02e1122305b9e2cdb92c531910c67186056
Experiments4and5/code/experiment_scripts/local_mass_nn.py,experiments/neural_networks/experiment_scripts/local_mass_nn.py,reproduction plumbing/output update,883beff1f5326f65a41d24e6a83883094f1bd540a66fb5f2c00fcdd2c172278f,c78449fd0547cf0f61e5c0919f405b76b7da0e3e4019363f9e91c90dbc5ff076
Experiments4and5/code/experiment_scripts/run_marginals.pbs,experiments/neural_networks/experiment_scripts/run_marginals.pbs,unchanged,e7a3bbda155969b0e774855478b2695bb59e679531cea10eaf08d2b66f82ebb7,e7a3bbda155969b0e774855478b2695bb59e679531cea10eaf08d2b66f82ebb7
Experiments4and5/code/experiment_scripts/structured_marginals.py,experiments/neural_networks/experiment_scripts/structured_marginals.py,reproduction plumbing/output update,015236bcffdeeeaf6322a3ab5bf3301357f1c7ba15c8b04d1d4056c0984b0e71,255b2eb472c6bfdc786780ee1916013370b6d1497ba4e718f73859db9c366670
Experiments4and5/code/experiment_scripts/train_marginals.py,experiments/neural_networks/experiment_scripts/train_marginals.py,reproduction plumbing/output update,5616c017bb7e6faa11ecd37d3c15c9f4ad9e7e78f212a9984ff587c58bd2ed32,77d3eeadd7e29445ebf11c1356c71824802c8db2094423c21c9665f56af70f4d
Experiments4and5/code/layers/__init__.py,experiments/neural_networks/layers/__init__.py,unchanged,e3b0c44298fc1c149afbf4c8996fb92427ae41e4649b934ca495991b7852b855,e3b0c44298fc1c149afbf4c8996fb92427ae41e4649b934ca495991b7852b855
Experiments4and5/code/layers/bayes_layers.py,experiments/neural_networks/layers/bayes_layers.py,unchanged,155184e6d05645b9cc2aca0e5aede79d3fb988a81a88ab8cfc8f64a133cde241,155184e6d05645b9cc2aca0e5aede79d3fb988a81a88ab8cfc8f64a133cde241
Experiments4and5/code/layers/bayes_model.py,experiments/neural_networks/layers/bayes_model.py,unchanged,5f32adef76a70d2016b4e60a18bcc99bc17bd1532be2f8fd698c477b7ab94cb7,5f32adef76a70d2016b4e60a18bcc99bc17bd1532be2f8fd698c477b7ab94cb7
Experiments4and5/code/mass_index.py,experiments/neural_networks/mass_index.py,unchanged,fb6890e0f5e36a7209113eeb021582c14b8a9f9255c80998d304b3f578f46403,fb6890e0f5e36a7209113eeb021582c14b8a9f9255c80998d304b3f578f46403
Experiments4and5/code/pbs/run_e1_imagenet_phase1.pbs,experiments/neural_networks/pbs/run_e1_imagenet_phase1.pbs,unchanged,83fa2c8266ef43170462be1c9f91215c01c0e078cfcc3ea762f5544462050ec5,83fa2c8266ef43170462be1c9f91215c01c0e078cfcc3ea762f5544462050ec5
Experiments4and5/code/preflight.py,experiments/neural_networks/preflight.py,unchanged,6dff5e5cd1a3a27647f647fe8cdc077b5375a28d8d0eab5d0a5781c69f5b5c53,6dff5e5cd1a3a27647f647fe8cdc077b5375a28d8d0eab5d0a5781c69f5b5c53
Experiments4and5/code/prepare_data.py,experiments/neural_networks/prepare_data.py,unchanged,f683d04986d5cea1b91d8d859d86aa66504507557a6418019ea856103cfd40b0,f683d04986d5cea1b91d8d859d86aa66504507557a6418019ea856103cfd40b0
Experiments4and5/code/qfamilies/__init__.py,experiments/neural_networks/qfamilies/__init__.py,unchanged,02fdbab75d70da37050f0d2178c1ac4b668385e5eea89bec65b2cacf4412ae57,02fdbab75d70da37050f0d2178c1ac4b668385e5eea89bec65b2cacf4412ae57
Experiments4and5/code/qfamilies/base.py,experiments/neural_networks/qfamilies/base.py,unchanged,394196444f01632f235d6471521636db146b7c3596fab2280791024dcb2174d6,394196444f01632f235d6471521636db146b7c3596fab2280791024dcb2174d6
Experiments4and5/code/qfamilies/gaussian_meanfield.py,experiments/neural_networks/qfamilies/gaussian_meanfield.py,unchanged,14cd7f3903cd07c46a04fe36044f578d56d9c2b3ceed0a22bd07cedb4c68574e,14cd7f3903cd07c46a04fe36044f578d56d9c2b3ceed0a22bd07cedb4c68574e
Experiments4and5/code/qfamilies/hardconcrete_l0.py,experiments/neural_networks/qfamilies/hardconcrete_l0.py,unchanged,7c55e4fdeef4283dc7e585b5800e2e3b8f1aca70bf23a9d1081f251280dcf91d,7c55e4fdeef4283dc7e585b5800e2e3b8f1aca70bf23a9d1081f251280dcf91d
Experiments4and5/code/qfamilies/horseshoe_q.py,experiments/neural_networks/qfamilies/horseshoe_q.py,unchanged,67f231f213d0865e8b99656af1e20a3cbd4a173337050b68f3d23e9a69ff9714,67f231f213d0865e8b99656af1e20a3cbd4a173337050b68f3d23e9a69ff9714
Experiments4and5/code/qfamilies/spike_slab_q.py,experiments/neural_networks/qfamilies/spike_slab_q.py,unchanged,9b6226b8df2793c6b451bbde4ba64e0e0693a41f4d14fd6f10c776742880e387,9b6226b8df2793c6b451bbde4ba64e0e0693a41f4d14fd6f10c776742880e387
Experiments4and5/code/run_e1.py,experiments/neural_networks/run_e1.py,unchanged,c73a0af5b09a64e210a4f39e46847bc1f0addec69f4fc0c9f6f66c552493b510,c73a0af5b09a64e210a4f39e46847bc1f0addec69f4fc0c9f6f66c552493b510
Experiments4and5/code/run_e1_structured.py,experiments/neural_networks/run_e1_structured.py,reproduction plumbing/output update,28a311e337a46837bcab4451a589ca3969130f550ea84d93619fe6fbb7e8d173,2556d1b25dd4059a8fc32546806cb4c85714aa11eb62ca24505e520b2d7cede9
Experiments4and5/code/run_matrix.py,experiments/neural_networks/run_matrix.py,unchanged,1c624f021ce0a5cf07871e142df63bf7908a02e5b29418d3a60401d80f3804b6,1c624f021ce0a5cf07871e142df63bf7908a02e5b29418d3a60401d80f3804b6
Experiments4and5/code/structured/__init__.py,experiments/neural_networks/structured/__init__.py,unchanged,f0cccf261f591b668537c3dce3cf88e3ee552f61f7e3bc414c14c88648532911,f0cccf261f591b668537c3dce3cf88e3ee552f61f7e3bc414c14c88648532911
Experiments4and5/code/structured/engine_structured.py,experiments/neural_networks/structured/engine_structured.py,unchanged,29b1d160937ceecc194565aad250ceb80071c2e6c7fd22af623e3d0fcf43ae87,29b1d160937ceecc194565aad250ceb80071c2e6c7fd22af623e3d0fcf43ae87
Experiments4and5/code/structured/gated_model.py,experiments/neural_networks/structured/gated_model.py,unchanged,1922eceb99e7244a8580ef8953bbdafffefae1bd02f6b15761308407314a2550,1922eceb99e7244a8580ef8953bbdafffefae1bd02f6b15761308407314a2550
Experiments4and5/code/structured/resnet_cifar.py,experiments/neural_networks/structured/resnet_cifar.py,unchanged,668378ff3fc4c7644fa7d92bc0ca97ab78266ec29a934f9e1eb8a198df2efe3c,668378ff3fc4c7644fa7d92bc0ca97ab78266ec29a934f9e1eb8a198df2efe3c
Experiments4and5/data/marginals/imagenet_marginals_s1.npz,data/marginals/imagenet_marginals_s1.npz,unchanged,e17ad2fae79d1ccba9ec8020506581654d93e575f4c14fa5f1f0efeeb89c7c06,e17ad2fae79d1ccba9ec8020506581654d93e575f4c14fa5f1f0efeeb89c7c06
Experiments4and5/data/marginals/imagenet_marginals_s2.npz,data/marginals/imagenet_marginals_s2.npz,unchanged,91abf2bafe571787ba023992765fd482b0b887430d217827cda645c422165b48,91abf2bafe571787ba023992765fd482b0b887430d217827cda645c422165b48
Experiments4and5/data/marginals/imagenet_marginals_s3.npz,data/marginals/imagenet_marginals_s3.npz,unchanged,fcd6a5c71e2639b2316e2e251c2b3b56a80b5a0e41b57fefdb79b7ccccfb1488,fcd6a5c71e2639b2316e2e251c2b3b56a80b5a0e41b57fefdb79b7ccccfb1488
Experiments4and5/data/imagenet_runs/PROVENANCE.md,docs/originals/imagenet_runs_PROVENANCE.md,unchanged,d55da8c8bb5eda36ec409d8464fed556de7ce708ce4d563910e9a5ce516fc354,d55da8c8bb5eda36ec409d8464fed556de7ce708ce4d563910e9a5ce516fc354
Experiments4and5/data/imagenet_runs/pbs_records/e1_ga_s2.o177191675,data/imagenet_runs/pbs_records/e1_ga_s2.o177191675,unchanged,4d3d51dffc9507c60d408ec3ff13cbd852a843b7881e1071d80101bad654c2f0,4d3d51dffc9507c60d408ec3ff13cbd852a843b7881e1071d80101bad654c2f0
Experiments4and5/data/imagenet_runs/pbs_records/e1_ga_s3.o177191676,data/imagenet_runs/pbs_records/e1_ga_s3.o177191676,unchanged,90d5e4a91eaa9d5790bec2ec9177310fab577feee382534b503ee00f0d454284,90d5e4a91eaa9d5790bec2ec9177310fab577feee382534b503ee00f0d454284
Experiments4and5/data/imagenet_runs/pbs_records/e1_hc_s1.o177191672,data/imagenet_runs/pbs_records/e1_hc_s1.o177191672,unchanged,4ce2ecd36eccc47e828a1446dd6fc1212daca46d89054750475d0195937e735c,4ce2ecd36eccc47e828a1446dd6fc1212daca46d89054750475d0195937e735c
Experiments4and5/data/imagenet_runs/pbs_records/e1_hc_s2.o177191673,data/imagenet_runs/pbs_records/e1_hc_s2.o177191673,unchanged,2cbfa1b6512b04838d4eb4b4f04f4b30b4368f1fd124fb62087759f9f142515b,2cbfa1b6512b04838d4eb4b4f04f4b30b4368f1fd124fb62087759f9f142515b
Experiments4and5/data/imagenet_runs/pbs_records/e1_hc_s3.o177191674,data/imagenet_runs/pbs_records/e1_hc_s3.o177191674,unchanged,97a91051124a0678738ce25637d0afe3910f4affc7a2510f25899bc4b1adaf63,97a91051124a0678738ce25637d0afe3910f4affc7a2510f25899bc4b1adaf63
Experiments4and5/data/imagenet_runs/pbs_records/e1_hs_s1.o177191669,data/imagenet_runs/pbs_records/e1_hs_s1.o177191669,unchanged,e73c9d97aa8d2e88596fb67dc58d429507e2466d146df8093488559f31949fe5,e73c9d97aa8d2e88596fb67dc58d429507e2466d146df8093488559f31949fe5
Experiments4and5/data/imagenet_runs/pbs_records/e1_hs_s2.o177191670,data/imagenet_runs/pbs_records/e1_hs_s2.o177191670,unchanged,0f4b66612e76ec86b412dbd9d05bcab50fbda13cdc4ed29e19954017daf5d679,0f4b66612e76ec86b412dbd9d05bcab50fbda13cdc4ed29e19954017daf5d679
Experiments4and5/data/imagenet_runs/pbs_records/e1_hs_s3.o177191671,data/imagenet_runs/pbs_records/e1_hs_s3.o177191671,unchanged,1d3da3c4b9a417e09917700a52a74887dcab96e6fdc51f2b894eac31d6a7b15d,1d3da3c4b9a417e09917700a52a74887dcab96e6fdc51f2b894eac31d6a7b15d
Experiments4and5/data/imagenet_runs/pbs_records/e1_ss_s2.o177191677,data/imagenet_runs/pbs_records/e1_ss_s2.o177191677,unchanged,70f2928ba377fc69922a48e4540c16af859d29a2c62c4eb04fd57766665956f5,70f2928ba377fc69922a48e4540c16af859d29a2c62c4eb04fd57766665956f5
Experiments4and5/data/imagenet_runs/pbs_records/e1_ss_s3.o177191678,data/imagenet_runs/pbs_records/e1_ss_s3.o177191678,unchanged,57ab4c664f47db747a1e19829500a87bb54413afea247f675f7ddbab289bcd71,57ab4c664f47db747a1e19829500a87bb54413afea247f675f7ddbab289bcd71
Experiments4and5/data/imagenet_runs/r50_gaussian_p1_s1.json,data/imagenet_runs/r50_gaussian_p1_s1.json,unchanged,06f3868906a9c9e9f2bad400d0eda40197c82d46c96dffe1d21ab7fdf1331026,06f3868906a9c9e9f2bad400d0eda40197c82d46c96dffe1d21ab7fdf1331026
Experiments4and5/data/imagenet_runs/r50_gaussian_p1_s1.log,data/imagenet_runs/r50_gaussian_p1_s1.log,unchanged,b9d959149f259f3689ce5dbd11f0ecb27db4aa1184d8c217b64e1ffc6a88c596,b9d959149f259f3689ce5dbd11f0ecb27db4aa1184d8c217b64e1ffc6a88c596
Experiments4and5/data/imagenet_runs/r50_gaussian_p1_s2.json,data/imagenet_runs/r50_gaussian_p1_s2.json,unchanged,374789a83c5770abf524b517e7309eba47a2576dd254dec5cd99ac2f753665d9,374789a83c5770abf524b517e7309eba47a2576dd254dec5cd99ac2f753665d9
Experiments4and5/data/imagenet_runs/r50_gaussian_p1_s2.log,data/imagenet_runs/r50_gaussian_p1_s2.log,unchanged,e0d8b74b7be2457e20493edffe6b6f5ff640811d7ecc5cce819dfb99ae615ae2,e0d8b74b7be2457e20493edffe6b6f5ff640811d7ecc5cce819dfb99ae615ae2
Experiments4and5/data/imagenet_runs/r50_gaussian_p1_s3.json,data/imagenet_runs/r50_gaussian_p1_s3.json,unchanged,75a66af905669227e5e280ef3f6bc119e8bceabf2252578be04b85c5fbc8f964,75a66af905669227e5e280ef3f6bc119e8bceabf2252578be04b85c5fbc8f964
Experiments4and5/data/imagenet_runs/r50_gaussian_p1_s3.log,data/imagenet_runs/r50_gaussian_p1_s3.log,unchanged,bc91897d3de07bf1f597cd2d2fe2166f490575b14c73cd2ab6e1d979f997bcd8,bc91897d3de07bf1f597cd2d2fe2166f490575b14c73cd2ab6e1d979f997bcd8
Experiments4and5/data/imagenet_runs/r50_hardconcrete_p1_s1.json,data/imagenet_runs/r50_hardconcrete_p1_s1.json,unchanged,9982c4abab2a9a70c000181e5be1284cf00b03de29098c9059e28b8a9a7c5df0,9982c4abab2a9a70c000181e5be1284cf00b03de29098c9059e28b8a9a7c5df0
Experiments4and5/data/imagenet_runs/r50_hardconcrete_p1_s1.log,data/imagenet_runs/r50_hardconcrete_p1_s1.log,unchanged,cdf4c945d84bb9283c066907dbe29569ef6483125e7a53b298a758c36c2819d5,cdf4c945d84bb9283c066907dbe29569ef6483125e7a53b298a758c36c2819d5
Experiments4and5/data/imagenet_runs/r50_hardconcrete_p1_s2.json,data/imagenet_runs/r50_hardconcrete_p1_s2.json,unchanged,5484a9b3f87a5b18d8ad4d00bcdd43929c32f2df2c32936f2620ee0f8c01f2fd,5484a9b3f87a5b18d8ad4d00bcdd43929c32f2df2c32936f2620ee0f8c01f2fd
Experiments4and5/data/imagenet_runs/r50_hardconcrete_p1_s2.log,data/imagenet_runs/r50_hardconcrete_p1_s2.log,unchanged,ed3dc9d3135d295a27889ba6fe9ed06d08f2ce3256c8a8912e4fc85ad14b562d,ed3dc9d3135d295a27889ba6fe9ed06d08f2ce3256c8a8912e4fc85ad14b562d
Experiments4and5/data/imagenet_runs/r50_hardconcrete_p1_s3.json,data/imagenet_runs/r50_hardconcrete_p1_s3.json,unchanged,91f5eedc6c0d1bfae6f4331fc54d01d5bda9c6a586261ed06329894cead4844d,91f5eedc6c0d1bfae6f4331fc54d01d5bda9c6a586261ed06329894cead4844d
Experiments4and5/data/imagenet_runs/r50_hardconcrete_p1_s3.log,data/imagenet_runs/r50_hardconcrete_p1_s3.log,unchanged,eb17a88c0bf76f5aff6d8b130e185bb3f05192c9f8b9b68146a7d19a6f37361b,eb17a88c0bf76f5aff6d8b130e185bb3f05192c9f8b9b68146a7d19a6f37361b
Experiments4and5/data/imagenet_runs/r50_horseshoe_p1_s1.json,data/imagenet_runs/r50_horseshoe_p1_s1.json,unchanged,a014b804cec80fc79febea8f0b658a54b6a8ba6bb6866f06f5bf5196048ab156,a014b804cec80fc79febea8f0b658a54b6a8ba6bb6866f06f5bf5196048ab156
Experiments4and5/data/imagenet_runs/r50_horseshoe_p1_s1.log,data/imagenet_runs/r50_horseshoe_p1_s1.log,unchanged,53fde4f9c249ae20de01eeaed92dc48a172be40c1af8116220e57bc990f51c95,53fde4f9c249ae20de01eeaed92dc48a172be40c1af8116220e57bc990f51c95
Experiments4and5/data/imagenet_runs/r50_horseshoe_p1_s2.json,data/imagenet_runs/r50_horseshoe_p1_s2.json,unchanged,91eca98c616cf2e9add59d217d53ce6176f82272ee3aba4dc1b93ce8a3274042,91eca98c616cf2e9add59d217d53ce6176f82272ee3aba4dc1b93ce8a3274042
Experiments4and5/data/imagenet_runs/r50_horseshoe_p1_s2.log,data/imagenet_runs/r50_horseshoe_p1_s2.log,unchanged,bc626d22b02e775ba216ab295c9bdb1cc36656fa22cb67499006f89616342028,bc626d22b02e775ba216ab295c9bdb1cc36656fa22cb67499006f89616342028
Experiments4and5/data/imagenet_runs/r50_horseshoe_p1_s3.json,data/imagenet_runs/r50_horseshoe_p1_s3.json,unchanged,ebfe268ee81a767620d30ff22288b5296aaa8a714eee269185b3715ddb5ae01d,ebfe268ee81a767620d30ff22288b5296aaa8a714eee269185b3715ddb5ae01d
Experiments4and5/data/imagenet_runs/r50_horseshoe_p1_s3.log,data/imagenet_runs/r50_horseshoe_p1_s3.log,unchanged,273b9352ff44872ad5364f746f1edcb214841b411dba998e3ef4c801c472efef,273b9352ff44872ad5364f746f1edcb214841b411dba998e3ef4c801c472efef
Experiments4and5/data/imagenet_runs/r50_spikeslab_p1_s1.json,data/imagenet_runs/r50_spikeslab_p1_s1.json,unchanged,07126987f7f4626ba8809b1ff21864ca0babdcae0a3047682336d59cfb66a2ee,07126987f7f4626ba8809b1ff21864ca0babdcae0a3047682336d59cfb66a2ee
Experiments4and5/data/imagenet_runs/r50_spikeslab_p1_s1.log,data/imagenet_runs/r50_spikeslab_p1_s1.log,unchanged,a6e6155893ceb6fe6b424a3c4d6cf1f7f92c44c2dbca15f6295e6e5451831bb3,a6e6155893ceb6fe6b424a3c4d6cf1f7f92c44c2dbca15f6295e6e5451831bb3
Experiments4and5/data/imagenet_runs/r50_spikeslab_p1_s2.json,data/imagenet_runs/r50_spikeslab_p1_s2.json,unchanged,79004c8004d66ac80a33523da0e0552bb02d7669cd21ce344f60486c15ab81b8,79004c8004d66ac80a33523da0e0552bb02d7669cd21ce344f60486c15ab81b8
Experiments4and5/data/imagenet_runs/r50_spikeslab_p1_s2.log,data/imagenet_runs/r50_spikeslab_p1_s2.log,unchanged,2dcfcdb81a19c5bbb0511962253dc0bae72dbe39537146225db5607bd4c2b87c,2dcfcdb81a19c5bbb0511962253dc0bae72dbe39537146225db5607bd4c2b87c
Experiments4and5/data/imagenet_runs/r50_spikeslab_p1_s3.json,data/imagenet_runs/r50_spikeslab_p1_s3.json,unchanged,70777956907a9e7d9b313fe1687dc03de0c6cb0bd8776a780474847971b12312,70777956907a9e7d9b313fe1687dc03de0c6cb0bd8776a780474847971b12312
Experiments4and5/data/imagenet_runs/r50_spikeslab_p1_s3.log,data/imagenet_runs/r50_spikeslab_p1_s3.log,unchanged,2614586ce310e6876b0d2edd5da94fbf0d7d93fd8bf7390372b6ea44ccb7ae7a,2614586ce310e6876b0d2edd5da94fbf0d7d93fd8bf7390372b6ea44ccb7ae7a
Experiments4and5/figures/fig_nn_directional_rekl.pdf,results/figures/fig_nn_directional_rekl.pdf,unchanged,bad5d51cc84e97e4727130967d620e8bce4dd87952074b8ecf43aa87473620db,bad5d51cc84e97e4727130967d620e8bce4dd87952074b8ecf43aa87473620db
Experiments4and5/figures/fig_nn_directional_rekl.png,results/figures/fig_nn_directional_rekl.png,unchanged,bcda64333ef6d023bd97d094475eed59836829c4125ec1adc7c6878a556b6fe3,bcda64333ef6d023bd97d094475eed59836829c4125ec1adc7c6878a556b6fe3
Experiments4and5/figures/fig_nn_directional_rekl_cifar.pdf,results/figures/fig_nn_directional_rekl_cifar.pdf,unchanged,aabf530bab8ab66552cb188e28a8ee2a404b7c6e911a9cc2d6bc265303d4a5ea,aabf530bab8ab66552cb188e28a8ee2a404b7c6e911a9cc2d6bc265303d4a5ea
Experiments4and5/figures/fig_nn_directional_rekl_cifar.png,results/figures/fig_nn_directional_rekl_cifar.png,unchanged,efda9f59b3453733a114052729d15f4dc83872aa238d5fb001e32ed5f0f69b11,efda9f59b3453733a114052729d15f4dc83872aa238d5fb001e32ed5f0f69b11
Experiments4and5/figures/fig_nn_directional_rekl_imagenet.pdf,results/figures/fig_nn_directional_rekl_imagenet.pdf,unchanged,651dd3116a0e49608703852030005b9b71a2882aa2443727e23f0a6b9da0663c,651dd3116a0e49608703852030005b9b71a2882aa2443727e23f0a6b9da0663c
Experiments4and5/figures/fig_nn_directional_rekl_imagenet.png,results/figures/fig_nn_directional_rekl_imagenet.png,unchanged,cb4bcf61dd0e1a1d72713aef7293b0e48b489d6e27acde4950eff33288ee4ee7,cb4bcf61dd0e1a1d72713aef7293b0e48b489d6e27acde4950eff33288ee4ee7
Experiments4and5/figures/fig_nn_small_ball.pdf,results/figures/fig_nn_small_ball.pdf,unchanged,c4ee5241c01c165f7031abaeb2f59f4bba0e3e9a2785c10cb835fc4a07a5e5a3,c4ee5241c01c165f7031abaeb2f59f4bba0e3e9a2785c10cb835fc4a07a5e5a3
Experiments4and5/figures/fig_nn_small_ball.png,results/figures/fig_nn_small_ball.png,unchanged,f6dded772582d2d80bec796ecf45ff4d451caa298978031088269d6cccb02610,f6dded772582d2d80bec796ecf45ff4d451caa298978031088269d6cccb02610
Experiments4and5/figures/fig_nn_small_ball_cifar.pdf,results/figures/fig_nn_small_ball_cifar.pdf,unchanged,38ae541078a1569caf1d67c6dea6ba2e8694d0e39d85dd8bba3da70d587bc939,38ae541078a1569caf1d67c6dea6ba2e8694d0e39d85dd8bba3da70d587bc939
Experiments4and5/figures/fig_nn_small_ball_cifar.png,results/figures/fig_nn_small_ball_cifar.png,unchanged,7174f8aa7b5bf1676bd62c5fd17033ebd662755bb296d4b35c899c794a217874,7174f8aa7b5bf1676bd62c5fd17033ebd662755bb296d4b35c899c794a217874
Experiments4and5/figures/fig_nn_small_ball_imagenet.pdf,results/figures/fig_nn_small_ball_imagenet.pdf,unchanged,b0a0e43ff460215e765bd3c1c495848cd9e737b717b927115948bc07b5cec153,b0a0e43ff460215e765bd3c1c495848cd9e737b717b927115948bc07b5cec153
Experiments4and5/figures/fig_nn_small_ball_imagenet.png,results/figures/fig_nn_small_ball_imagenet.png,unchanged,4e800556fd2ee57fbe55279166ccb6e7357012269b9f4f730047252d23d6e311,4e800556fd2ee57fbe55279166ccb6e7357012269b9f4f730047252d23d6e311
Experiments4and5/figures/table_nn_mi.tex,results/tables/table_nn_mi.tex,unchanged,f39049902b0a5689cd83264170ff4713565c9ab1e22983b25d09c552bfe29f5b,f39049902b0a5689cd83264170ff4713565c9ab1e22983b25d09c552bfe29f5b
Experiments4and5/figures/table_nn_mi_cifar.tex,results/tables/table_nn_mi_cifar.tex,unchanged,f39049902b0a5689cd83264170ff4713565c9ab1e22983b25d09c552bfe29f5b,f39049902b0a5689cd83264170ff4713565c9ab1e22983b25d09c552bfe29f5b
Experiments4and5/figures/table_nn_mi_imagenet.tex,results/tables/table_nn_mi_imagenet.tex,unchanged,c67fdc4366d00c359e910df08fdcbb8c11fc7ae17278880b215d29aeb219c3b7,c67fdc4366d00c359e910df08fdcbb8c11fc7ae17278880b215d29aeb219c3b7
Experiments4and5/paper/experiment4_localmass_nn.tex,paper/sections/experiment4_localmass_nn.tex,unchanged,ae3566f0d4b0519ba3eeeca5e2bfe43f7b4fb5f30e872e7814e4bde043c35384,ae3566f0d4b0519ba3eeeca5e2bfe43f7b4fb5f30e872e7814e4bde043c35384
Experiments4and5/paper/experiment5_resnet.tex,paper/sections/experiment5_resnet.tex,unchanged,7894d114757b933720649a91fb8176bfc5213ff5868ce2e3df87512fcfa29a20,7894d114757b933720649a91fb8176bfc5213ff5868ce2e3df87512fcfa29a20
Experiments4and5/README.md,docs/originals/exp04_05_README.md,unchanged,59e9e9b43d13a77693c0ce39e0ee7e207cf9829371b328b23d77a63b58acd168,59e9e9b43d13a77693c0ce39e0ee7e207cf9829371b328b23d77a63b58acd168
